Product_Name,,,,,,,,,,
SHORT GOLD NECKLACE,,,,,,,,,,
LONG GOLD NECKLACE,,,,,,,,,,
CHOKER,,,,,,,,,,
LONG SILVER NECKLACE,,,,,,,,,,
SHORT SILVER NECKLACE,,,,,,,,,,
THICK LEATHER BELT,,,,,,,,,,
CHAIN BELT,,,,,,,,,,
THIN LEATHER BELT,,,,,,,,,,
BOW TIE,,,,,,,,,,
BEAD NECKLACE,,,,,,,,,,
PEARL NECKLACE,,,,,,,,,,
SUNGLASSES,,,,,,,,,,
HOOP EARRINGS,,,,,,,,,,
RINGS,,,,,,,,,,
LINEN SCARF,,,,,,,,,,
CAP,,,,,,,,,,
DRAWSTRING BELT,,,,,,,,,,
SATIN SCARF,,,,,,,,,,
BUCKET HAT,,,,,,,,,,
CROSSBODY BAG,,,,,,,,,,
TOTE BAG,,,,,,,,,,
KNIT SCARF,,,,,,,,,,
ARM WARMERS,,,,,,,,,,
NECKTIE,,,,,,,,,,
DENIM TOP ,,,,,,,,,,
CROCHET TOP,,,,,,,,,,
RHINESTONE TOP,,,,,,,,,,
OXFORD SHIRT,,,,,,,,,,
POLO SWEATER,,,,,,,,,,
CASHMERE KNIT SWEATER,,,,,,,,,,
CROPPED KNIT SWEATER,,,,,,,,,,
TURTLENECK KNIT SWEATER,,,,,,,,,,
OVERSIZED SHIRT,,,,,,,,,,
JACQUARD TOP,,,,,,,,,,
DENIM SHIRT,,,,,,,,,,
SHEER BLOUSE ,,,,,,,,,,
MINIMALIST BLOUSE,,,,,,,,,,
SHIRT WITH STRIPES,,,,,,,,,,
SATIN SHIRT,,,,,,,,,,
LONG SLEEVE FLOWING TOP,,,,,,,,,,
SEQUINNED SHIRT,,,,,,,,,,
HALTER TOP,,,,,,,,,,
TUNIC BLOUSE,,,,,,,,,,
SUIT VEST,,,,,,,,,,
LINEN SHIRT WITH POCKET,,,,,,,,,,
COTTON OVERSHIRT ,,,,,,,,,,
SWEATSHIRT,,,,,,,,,,
KNIT SWEATER WITH ZIP,,,,,,,,,,
CROPPED KNIT SWEATER,,,,,,,,,,
KNIT POLO SWEATER,,,,,,,,,,
KNIT SWEATER,,,,,,,,,,
KNIT CARDIGAN,,,,,,,,,,
KNIT TOP,,,,,,,,,,
STRIPED OPEN KNIT SWEATER,,,,,,,,,,
PATCHWORK KNIT CARDIGAN,,,,,,,,,,
TURTLENECK TOP,,,,,,,,,,
ZIP UP VEST,,,,,,,,,,
QUARTER ZIP,,,,,,,,,,
BUTTON DOWN SHIRT,,,,,,,,,,
POLO SHIRT,,,,,,,,,,
RIBBED KNIT CROP TOP,,,,,,,,,,
HOODIE,,,,,,,,,,
HOODED CROP TOP,,,,,,,,,,
CROPPED CARDIGAN,,,,,,,,,,
CABLE-KNIT SHIRT,,,,,,,,,,
KNIT BRALETTE ,,,,,,,,,,
COTTON T-SHIRT,,,,,,,,,,
SHORT SLEEVE T-SHIRT,,,,,,,,,,
FLORAL PRINT SHIRT,,,,,,,,,,
CROPPED SHIRT ,,,,,,,,,,
SATIN SHIRT,,,,,,,,,,
TIE-DYE PRINT OVERSIZE SHIRT,,,,,,,,,,
LINEN SHIRT ,,,,,,,,,,
PAISLEY PRINT SHIRT,,,,,,,,,,
POLO COLLAR BLOUSE,,,,,,,,,,
EMBROIDERED COTTON BLOUSE,,,,,,,,,,
SHIRT WITH CONTRAST RUFFLES,,,,,,,,,,
LINEN SHIRT,,,,,,,,,,
TIE-DYE PRINT SHIRT,,,,,,,,,,
FLOWING SHIRT,,,,,,,,,,
FLOWING BLOUSE,,,,,,,,,,
CROP TOP,,,,,,,,,,
PRINTED BLOUSE,,,,,,,,,,
RUFFLED BLOUSE,,,,,,,,,,
BUTTON-UP LINEN SHIRT,,,,,,,,,,
GRAPHIC DESIGN SHIRT,,,,,,,,,,
BLOUSE WITH SHORT SLEEVES,,,,,,,,,,
SHIRT WITH PUFF SLEEVES,,,,,,,,,,
SNAKESKIN PRINT TOP,,,,,,,,,,
LINEN-BLEND SHIRT WITH POLKA DOTS,,,,,,,,,,
BLOUSE WITH LONG SLEEVES,,,,,,,,,,
BLOUSE WITH BOW COLLAR,,,,,,,,,,
RAMIE BLOUSE,,,,,,,,,,
RIBBED TOP,,,,,,,,,,
CHUNKY KNIT T-SHIRT,,,,,,,,,,
BASIC KNIT TOP,,,,,,,,,,
WAISTCOAT,,,,,,,,,,
BLAZER,,,,,,,,,,
FAUX LEATHER JACKET,,,,,,,,,,
PADDED JACKET,,,,,,,,,,
KIMONO,,,,,,,,,,
BIKER JACKET,,,,,,,,,,
TRENCH COAT,,,,,,,,,,
DENIM JACKET,,,,,,,,,,
RAINCOAT,,,,,,,,,,
BOMBER JACKET,,,,,,,,,,
TULLE JACKET,,,,,,,,,,
HOODED JACKET,,,,,,,,,,
METALLIC JACKET,,,,,,,,,,
KNIT CAPE,,,,,,,,,,
CROPPED JACKET,,,,,,,,,,
BOMBER JACKET,,,,,,,,,,
KNIT VEST,,,,,,,,,,
STRAIGHT FIT HIGH-WAIST JEANS,,,,,,,,,,
HIGH-WAIST CULOTTE TROUSERS,,,,,,,,,,
BERMUDA SHORTS,,,,,,,,,,
WIDE-LEG MID-RISE JEANS,,,,,,,,,,
HIGH-WAIST TROUSERS,,,,,,,,,,
JACQUARD TROUSERS,,,,,,,,,,
PALAZZO TROUSERS,,,,,,,,,,
FLARED TROUSERS,,,,,,,,,,
LEGGINGS,,,,,,,,,,
FLOWING WIDE-LEG TROUSERS,,,,,,,,,,
CARGO TROUSERS,,,,,,,,,,
SATIN TROUSERS,,,,,,,,,,
LINEN TROUSERS,,,,,,,,,,
WIDE-LEG MID-RISE JEANS,,,,,,,,,,
MID-RISE FLARED JEANS,,,,,,,,,,
FLARED HIGH-WAIST JEANS,,,,,,,,,,
WIDE LEG HIGH-RISE JEANS,,,,,,,,,,
STRAIGHT-FIT HIGH-WAIST JEANS,,,,,,,,,,
HIGH-RISE SKINNY JEANS,,,,,,,,,,
MID-RISE CARGO JEANS,,,,,,,,,,
HIGH-WAIST BAGGY JEANS,,,,,,,,,,
JUMPSUIT,,,,,,,,,,
RIPPED JEANS,,,,,,,,,,
BERMUDA SHORTS,,,,,,,,,,
MEN CARGO SHORTS,,,,,,,,,,
WOMEN CARGO SHORTS,,,,,,,,,,
HIGH-WAISTED STRAIGHT CUT TROUSERS,,,,,,,,,,
KNIT MIDI SKIRT,,,,,,,,,,
KNIT MINI SKIRT,,,,,,,,,,
PLEATED SKIRT,,,,,,,,,,
FAUX LEATHER MINI SKIRT,,,,,,,,,,
CARGO MINI SKIRT,,,,,,,,,,
LINEN WRAP SKIRT,,,,,,,,,,
LINEN MINI SKIRT,,,,,,,,,,
LINEN MIDI SKIRT,,,,,,,,,,
LINEN MAXI SKIRT,,,,,,,,,,COLOR
SATIN MINI SKIRT,,,,,,,,,,MIDI/MINI/MAXI
SATIN MIDI SKIRT,,,,,,,,,,
SATIN MAXI SKIRT,,,,,,,,,,
KNIT MAXI SKIRT,,,,,,,,,,
FAUX LEATHER MIDI SKIRT,,,,,,,,,,
CARGO MIDI SKIRT,,,,,,,,,,
LONG DRESS WITH RUFFLES,,,,,,,,,,
TULLE DRESS,,,,,,,,,,
CAMISOLE DRESS,,,,,,,,,,
SHIRT DRESS,,,,,,,,,,
HALTER DRESS,,,,,,,,,,
SLIP DRESS,,,,,,,,,,
FLORAL PRINT DRESS,,,,,,,,,,
SEQUINNED MIDI DRESS,,,,,,,,,,
MINI DRESS WITH PUFF SLEEVES,,,,,,,,,,
PRINTED PATTERN MINI DRESS ,,,,,,,,,,
DENIM DRESS,,,,,,,,,,
PRINTED PATTERN MIDI DRESS ,,,,,,,,,,
TIE-DYE PRINT DRESS,,,,,,,,,,
LINEN MIDI DRESS ,,,,,,,,,,
CROCHET KNIT DRESS,,,,,,,,,,
LACE-TRIMMED DRESS,,,,,,,,,,
HALTER DRESS,,,,,,,,,,
CAMISOLE DRESS,,,,,,,,,,
CROCHET DRESS,,,,,,,,,,
RIBBED MIDI DRESS,,,,,,,,,,
STRAPLESS MINI DRESS,,,,,,,,,,
STRAPLESS MIDI DRESS,,,,,,,,,,
STRAPLESS MAXI DRESS,,,,,,,,,,
SATIN MINI DRESS,,,,,,,,,,
SATIN MIDI DRESS,,,,,,,,,,
SATIN MAXI DRESS,,,,,,,,,,
CABLE-KNIT MINI DRESS,,,,,,,,,,
CABLE-KNIT MAXI DRESS,,,,,,,,,,
CABLE-KNIT MIDI DRESS,,,,,,,,,,
SEQUINNED MINI DRESS,,,,,,,,,,
MAXI DRESS WITH PUFF SLEEVES,,,,,,,,,,
MIDI DRESS WITH PUFF SLEEVES,,,,,,,,,,
PRINTED PATTERN MAXI DRESS ,,,,,,,,,,
LINEN MINI DRESS,,,,,,,,,,
LINEN MAXI DRESS,,,,,,,,,,
RIBBED MINI DRESS,,,,,,,,,,
RIBBED MAXI DRESS,,,,,,,,,,
CROCS ,,,,,,,,,,
PLATFORM WEDGE SANDALS,,,,,,,,,,
ANKLE BOOTS,,,,,,,,,,
COWBOY ANKLE BOOTS,,,,,,,,,,
LOAFERS,,,,,,,,,,
RUNNING SHOES,,,,,,,,,,
MARY JANES ,,,,,,,,,,
SLINGBACK SHOES ,,,,,,,,,,
PLATFORM SNEAKERS,,,,,,,,,,
MULES,,,,,,,,,,
SANDALS,,,,,,,,,,
HIGH-HEEL VINYL SANDALS WITH RHINESTONES,,,,,,,,,,
DENIM COWBOY BOOTS,,,,,,,,,,
POINTED TOE HIGH-HEEL,,,,,,,,,,
HIGH-HEEL STRAPPY ,,,,,,,,,,
BALLET FLATS,,,,,,,,,,
KITTEN HEEL SHOES,,,,,,,,,,
KNEE-HIGH BOOTS,,,,,,,,,,
OXFORD SHOE,,,,,,,,,,
CHELSEA BOOT,,,,,,,,,,
MENS LACE-UP BOOT,,,,,,,,,,
LACE-UP SANDALS,,,,,,,,,,
